ProductID,ProductName,CountryCodeID,CountryName,Unit,Y1977,Y1978,Y1979,Y1980,Y1981,Y1982,Y1983,Y1984,Y1985,Y1986,Y1987,Y1988,Y1989,Y1990,Y1991,Y1992,Y1993,Y1994,Y1995,Y1996,Y1997,Y1998,Y1999,Y2000,Y2001,Y2002,Y2003,Y2004,Y2005,Y2006,Y2007,Y2008,Y2009,Y2010,Y2011,Y2012,Y2013,Y2014,Y2015,Y2016,Y2017,Y2018,Y2019,Y2020,Y2021,Y2022,Y2023,Y2024,Y2025,Y2026,Y2027,Y2028,Y2029,Y2030,Y2031,Y2032,Y2033,Y2034,Y2035,Y2036,Y2037,Y2038,Y2039,Y2040,ColourCode
133262,Bank Nonperforming Loans to Total Gross Loans,160,Afghanistan,%,,,,,,,,,,,,,,,,,,,,,,,,,,,,,,,,,,49.9,4.6,5.0,6.0,5.5,,,,,,,,,,,,,,,,,,,,,,,,,,,
133262,Bank Nonperforming Loans to Total Gross Loans,158,Albania,%,,,,,,,,,,,,,,,,,,,,,,,,,,,4.6,4.2,2.3,3.1,3.4,6.6,10.5,14.0,18.8,22.5,23.5,22.0,,,,,,,,,,,,,,,,,,,,,,,,,,,xxxxxxxxxxxxxxxxxxxxxxxxxxGGGGGGGGGCCxxxxxxxxxxxxxxxxx
133262,Bank Nonperforming Loans to Total Gross Loans,164,Algeria,%,,,,,,,,,,,,,,,,,,,,,,,,,,,,,,,,,21.1,18.3,14.4,11.5,13.4,11.7,,,,,,,,,,,,,,,,,,,,,,,,,,,
133262,Bank Nonperforming Loans to Total Gross Loans,168,American Samoa,,,,,,,,,,,,,,,,,,,,,,,,,,,,,,,,,,,,,,,,,,,,,,,,,,,,,,,,,,,,,,,,,,
133262,Bank Nonperforming Loans to Total Gross Loans,342,Andorra,,,,,,,,,,,,,,,,,,,,,,,,,,,,,,,,,,,,,,,,,,,,,,,,,,,,,,,,,,,,,,,,,,
133262,Bank Nonperforming Loans to Total Gross Loans,161,Angola,,,,,,,,,,,,,,,,,,,,,,,,,,,,,,,,,,,,,,,,,,,,,,,,,,,,,,,,,,,,,,,,,,
133262,Bank Nonperforming Loans to Total Gross Loans,162,Anguilla,,,,,,,,,,,,,,,,,,,,,,,,,,,,,,,,,,,,,,,,,,,,,,,,,,,,,,,,,,,,,,,,,,
133262,Bank Nonperforming Loans to Total Gross Loans,157,Antigua,,,,,,,,,,,,,,,,,,,,,,,,,,,,,,,,,,,,,,,,,,,,,,,,,,,,,,,,,,,,,,,,,,
133262,Bank Nonperforming Loans to Total Gross Loans,167,Argentina,%,,,,,,,,,,,,,,,,,,,,,,,,16.0,13.1,18.1,17.7,12.7,7.6,4.5,3.2,3.1,3.5,2.1,1.4,1.7,1.7,1.8,,,,,,,,,,,,,,,,,,,,,,,,,,,xxxxxxxxxxxxxxxxxxxxxxxGGGGGGGGGGGGGCxxxxxxxxxxxxxxxxx
133262,Bank Nonperforming Loans to Total Gross Loans,165,Armenia,%,,,,,,,,,,,,,,,,,,,,,,,,17.5,24.4,9.9,5.4,2.1,2.0,2.4,2.4,4.3,4.9,3.0,3.4,3.7,5.6,4.4,,,,,,,,,,,,,,,,,,,,,,,,,,,xxxxxxxxxxxxxxxxxxxxxxxGGGGGGGGGGGGGCxxxxxxxxxxxxxxxxx
133262,Bank Nonperforming Loans to Total Gross Loans,171,Aruba,,,,,,,,,,,,,,,,,,,,,,,,,,,,,,,,,,,,,,,,,,,,,,,,,,,,,,,,,,,,,,,,,,
133262,Bank Nonperforming Loans to Total Gross Loans,170,Australia,%,,,,,,,,,,,,,,,,,,,,,,,,0.5,0.6,0.4,0.3,0.2,0.2,0.6,0.6,1.3,2.0,2.2,2.0,1.7,1.4,1.5,,,,,,,,,,,,,,,,,,,,,,,,,,,xxxxxxxxxxxxxxxxxxxxxxxGGGGGGGGGGGGGCxxxxxxxxxxxxxxxxx
133262,Bank Nonperforming Loans to Total Gross Loans,169,Austria,%,,,,,,,,,,,,,,,,,,,,,,,,2.4,2.3,3.0,3.0,2.7,2.6,2.7,2.2,1.9,2.3,2.8,2.7,2.8,2.9,2.8,,,,,,,,,,,,,,,,,,,,,,,,,,,xxxxxxxxxxxxxxxxxxxxxxxGGGGGGGGGGGGGCxxxxxxxxxxxxxxxxx
133262,Bank Nonperforming Loans to Total Gross Loans,163,Azerbaijan,,,,,,,,,,,,,,,,,,,,,,,,,,,,,,,,,,,,,,,,,,,,,,,,,,,,,,,,,,,,,,,,,,
133262,Bank Nonperforming Loans to Total Gross Loans,180,Bahamas,,,,,,,,,,,,,,,,,,,,,,,,,,,,,,,,,,,,,,,,,,,,,,,,,,,,,,,,,,,,,,,,,,
133262,Bank Nonperforming Loans to Total Gross Loans,177,Bahrain,,,,,,,,,,,,,,,,,,,,,,,,,,,,,,,,,,,,,,,,,,,,,,,,,,,,,,,,,,,,,,,,,,
133262,Bank Nonperforming Loans to Total Gross Loans,176,Bangladesh,%,,,,,,,,,,,,,,,,,,,,,,,,34.9,31.5,28.1,22.1,17.5,13.2,12.8,14.5,11.2,13.9,14.0,12.4,13.8,13.8,13.7,,,,,,,,,,,,,,,,,,,,,,,,,,,xxxxxxxxxxxxxxxxxxxxxxxGGGGGGGGGCCCCCxxxxxxxxxxxxxxxxx
133262,Bank Nonperforming Loans to Total Gross Loans,172,Barbados,,,,,,,,,,,,,,,,,,,,,,,,,,,,,,,,,,,,,,,,,,,,,,,,,,,,,,,,,,,,,,,,,,
133262,Bank Nonperforming Loans to Total Gross Loans,179,Belarus,%,,,,,,,,,,,,,,,,,,,,,,,,10.8,14.9,9.0,3.7,2.8,3.1,2.8,1.9,1.7,4.2,3.5,4.2,5.5,4.6,4.7,,,,,,,,,,,,,,,,,,,,,,,,,,,xxxxxxxxxxxxxxxxxxxxxxxGGGGGGGGGGGGGCxxxxxxxxxxxxxxxxx
133262,Bank Nonperforming Loans to Total Gross Loans,174,Belgium,%,,,,,,,,,,,,,,,,,,,,,,,,2.8,2.9,3.0,2.6,2.3,2.0,1.3,1.2,1.7,3.1,2.8,3.3,3.8,3.8,3.2,,,,,,,,,,,,,,,,,,,,,,,,,,,xxxxxxxxxxxxxxxxxxxxxxxGGGGGGGGGGGGCCxxxxxxxxxxxxxxxxx
133262,Bank Nonperforming Loans to Total Gross Loans,186,Belize,,,,,,,,,,,,,,,,,,,,,,,,,,,,,,,,,,,,,,,,,,,,,,,,,,,,,,,,,,,,,,,,,,
133262,Bank Nonperforming Loans to Total Gross Loans,178,Benin,,,,,,,,,,,,,,,,,,,,,,,,,,,,,,,,,,,,,,,,,,,,,,,,,,,,,,,,,,,,,,,,,,
133262,Bank Nonperforming Loans to Total Gross Loans,173,Bermuda,,,,,,,,,,,,,,,,,,,,,,,,,,,,,,,,,,,,,,,,,,,,,,,,,,,,,,,,,,,,,,,,,,
133262,Bank Nonperforming Loans to Total Gross Loans,181,Bhutan,%,,,,,,,,,,,,,,,,,,,,,,,,,,,,,,,,,6.8,5.2,3.9,5.4,12.7,10.3,,,,,,,,,,,,,,,,,,,,,,,,,,,xxxxxxxxxxxxxxxxxxxxxxxxxxxxxxxxGGGGCxxxxxxxxxxxxxxxxx
133262,Bank Nonperforming Loans to Total Gross Loans,185,Bolivia,%,,,,,,,,,,,,,,,,,,,,,,,,10.3,16.2,17.7,16.7,14.0,11.3,8.7,5.6,4.3,3.5,2.2,1.7,1.5,1.5,1.8,,,,,,,,,,,,,,,,,,,,,,,,,,,xxxxxxxxxxxxxxxxxxxxxxxGGGGGGGGGGGGGCxxxxxxxxxxxxxxxxx
133262,Bank Nonperforming Loans to Total Gross Loans,183,Bosnia-Herzegovina,%,,,,,,,,,,,,,,,,,,,,,,,,9.9,5.9,11.0,8.4,6.1,5.3,4.0,3.0,3.1,5.9,11.4,11.8,13.5,15.1,14.5,,,,,,,,,,,,,,,,,,,,,,,,,,,xxxxxxxxxxxxxxxxxxxxxxxGGGGGGGGGGGGGCxxxxxxxxxxxxxxxxx
133262,Bank Nonperforming Loans to Total Gross Loans,360,Botswana,,,,,,,,,,,,,,,,,,,,,,,,,,,,,,,,,,,,,,,,,,,,,,,,,,,,,,,,,,,,,,,,,,
133262,Bank Nonperforming Loans to Total Gross Loans,182,Brazil,%,,,,,,,,,,,,,,,,,,,,,,,,8.3,5.6,4.5,4.1,2.9,3.5,3.5,3.0,3.1,4.2,3.1,3.5,3.4,2.9,3.3,,,,,,,,,,,,,,,,,,,,,,,,,,,xxxxxxxxxxxxxxxxxxxxxxxGGGGGGGGGGGGGCxxxxxxxxxxxxxxxxx
133262,Bank Nonperforming Loans to Total Gross Loans,386,British Virgin Islands,,,,,,,,,,,,,,,,,,,,,,,,,,,,,,,,,,,,,,,,,,,,,,,,,,,,,,,,,,,,,,,,,,
133262,Bank Nonperforming Loans to Total Gross Loans,233,Brunei,%,,,,,,,,,,,,,,,,,,,,,,,,,,,,,,,,,9.4,6.9,6.0,5.4,5.4,5.3,,,,,,,,,,,,,,,,,,,,,,,,,,,
133262,Bank Nonperforming Loans to Total Gross Loans,184,Bulgaria,%,,,,,,,,,,,,,,,,,,,,,,,,17.3,3.3,2.6,3.2,2.0,2.2,2.2,2.1,2.4,6.4,11.9,15.0,16.6,15.2,13.9,,,,,,,,,,,,,,,,,,,,,,,,,,,xxxxxxxxxxxxxxxxxxxxxxxGGGGGGGGGGGGGCxxxxxxxxxxxxxxxxx
133262,Bank Nonperforming Loans to Total Gross Loans,175,Burkina Faso,,,,,,,,,,,,,,,,,,,,,,,,,,,,,,,,,,,,,,,,,,,,,,,,,,,,,,,,,,,,,,,,,,
133262,Bank Nonperforming Loans to Total Gross Loans,381,Burundi,,,,,,,,,,,,,,,,,,,,,,,,,,,,,,,,,,,,,,,,,,,,,,,,,,,,,,,,,,,,,,,,,,
133262,Bank Nonperforming Loans to Total Gross Loans,188,Cambodia,,,,,,,,,,,,,,,,,,,,,,,,,,,,,,,,,,,,,,,,,,,,,,,,,,,,,,,,,,,,,,,,,,
133262,Bank Nonperforming Loans to Total Gross Loans,329,Cameroon,,,,,,,,,,,,,,,,,,,,,,,,,,,,,,,,,,,,,,,,,,,,,,,,,,,,,,,,,,,,,,,,,,
133262,Bank Nonperforming Loans to Total Gross Loans,187,Canada,%,,,,,,,,,,,,,,,,,,,,,,,,1.3,1.5,1.6,1.2,0.7,0.5,0.4,0.4,0.8,1.3,1.2,0.8,0.6,0.6,0.6,,,,,,,,,,,,,,,,,,,,,,,,,,,xxxxxxxxxxxxxxxxxxxxxxxGGGGGGGGGGGGGCxxxxxxxxxxxxxxxxx
133262,Bank Nonperforming Loans to Total Gross Loans,207,Cape Verde,,,,,,,,,,,,,,,,,,,,,,,,,,,,,,,,,,,,,,,,,,,,,,,,,,,,,,,,,,,,,,,,,,
133262,Bank Nonperforming Loans to Total Gross Loans,194,Cayman Islands,,,,,,,,,,,,,,,,,,,,,,,,,,,,,,,,,,,,,,,,,,,,,,,,,,,,,,,,,,,,,,,,,,
133262,Bank Nonperforming Loans to Total Gross Loans,159,Central African Republic,,,,,,,,,,,,,,,,,,,,,,,,,,,,,,,,,,,,,,,,,,,,,,,,,,,,,,,,,,,,,,,,,,
133262,Bank Nonperforming Loans to Total Gross Loans,189,Chad,,,,,,,,,,,,,,,,,,,,,,,,,,,,,,,,,,,,,,,,,,,,,,,,,,,,,,,,,,,,,,,,,,
133262,Bank Nonperforming Loans to Total Gross Loans,193,Chile,%,,,,,,,,,,,,,,,,,,,,,,,,1.7,1.6,1.8,1.6,1.2,0.9,0.7,0.8,1.0,2.9,2.7,2.3,2.2,2.1,2.2,,,,,,,,,,,,,,,,,,,,,,,,,,,xxxxxxxxxxxxxxxxxxxxxxxGGGGGGGGGGGGGCxxxxxxxxxxxxxxxxx
133262,Bank Nonperforming Loans to Total Gross Loans,195,China,%,,,,,,,,,,,,,,,,,,,,,,,,22.4,29.8,26.0,20.4,13.2,8.6,7.1,6.2,2.4,1.6,1.1,1.0,1.0,1.0,1.1,,,,,,,,,,,,,,,,,,,,,,,,,,,xxxxxxxxxxxxxxxxxxxxxxxGGGGGGGGGGGGGCxxxxxxxxxxxxxxxxx
133262,Bank Nonperforming Loans to Total Gross Loans,202,Colombia,%,,,,,,,,,,,,,,,,,,,,,,,,11.0,9.7,8.7,6.8,3.3,2.7,2.7,3.2,3.9,4.0,2.9,2.5,2.8,2.8,2.7,,,,,,,,,,,,,,,,,,,,,,,,,,,xxxxxxxxxxxxxxxxxxxxxxxGGGGGGGGGGGGGCxxxxxxxxxxxxxxxxx
133262,Bank Nonperforming Loans to Total Gross Loans,308,Comoros,,,,,,,,,,,,,,,,,,,,,,,,,,,,,,,,,,,,,,,,,,,,,,,,,,,,,,,,,,,,,,,,,,
133262,Bank Nonperforming Loans to Total Gross Loans,395,"Congo, Democratic Republic",,,,,,,,,,,,,,,,,,,,,,,,,,,,,,,,,,,,,,,,,,,,,,,,,,,,,,,,,,,,,,,,,,
133262,Bank Nonperforming Loans to Total Gross Loans,190,Congo-Brazzaville,,,,,,,,,,,,,,,,,,,,,,,,,,,,,,,,,,,,,,,,,,,,,,,,,,,,,,,,,,,,,,,,,,
133262,Bank Nonperforming Loans to Total Gross Loans,340,Costa Rica,%,,,,,,,,,,,,,,,,,,,,,,,,3.5,2.4,3.2,1.7,2.0,1.4,1.4,1.2,1.5,2.1,1.9,1.8,1.7,1.7,1.7,,,,,,,,,,,,,,,,,,,,,,,,,,,xxxxxxxxxxxxxxxxxxxxxxxGGGGGGGGGGGGGCxxxxxxxxxxxxxxxxx
133262,Bank Nonperforming Loans to Total Gross Loans,192,C?te d'Ivoire,,,,,,,,,,,,,,,,,,,,,,,,,,,,,,,,,,,,,,,,,,,,,,,,,,,,,,,,,,,,,,,,,,
133262,Bank Nonperforming Loans to Total Gross Loans,204,Croatia,%,,,,,,,,,,,,,,,,,,,,,,,,9.5,7.3,10.2,8.9,7.5,6.2,5.2,4.8,4.9,7.7,11.1,12.3,13.8,15.4,13.4,,,,,,,,,,,,,,,,,,,,,,,,,,,xxxxxxxxxxxxxxxxxxxxxxxGGGGGGGGGGGGGCxxxxxxxxxxxxxxxxx
133262,Bank Nonperforming Loans to Total Gross Loans,206,Cuba,,,,,,,,,,,,,,,,,,,,,,,,,,,,,,,,,,,,,,,,,,,,,,,,,,,,,,,,,,,,,,,,,,
133262,Bank Nonperforming Loans to Total Gross Loans,493,Curacao,,,,,,,,,,,,,,,,,,,,,,,,,,,,,,,,,,,,,,,,,,,,,,,,,,,,,,,,,,,,,,,,,,
133262,Bank Nonperforming Loans to Total Gross Loans,208,Cyprus,%,,,,,,,,,,,,,,,,,,,,,,,,,,,,,,,,3.6,4.5,5.6,9.6,18.6,30.3,31.3,,,,,,,,,,,,,,,,,,,,,,,,,,,xxxxxxxxxxxxxxxxxxxxxxxxxxxxxxxGGGGGCxxxxxxxxxxxxxxxxx
133262,Bank Nonperforming Loans to Total Gross Loans,205,Czech Republic,%,,,,,,,,,,,,,,,,,,,,,,,,29.3,13.7,8.1,4.9,4.0,3.9,3.6,2.4,2.8,4.6,5.4,5.2,5.2,5.2,5.2,,,,,,,,,,,,,,,,,,,,,,,,,,,xxxxxxxxxxxxxxxxxxxxxxxGGGGGGGGGGGGGCxxxxxxxxxxxxxxxxx
133262,Bank Nonperforming Loans to Total Gross Loans,214,Denmark,%,,,,,,,,,,,,,,,,,,,,,,,,,0.7,0.9,0.8,0.7,0.4,0.5,0.6,1.2,3.3,4.1,3.7,6.0,4.8,3.9,,,,,,,,,,,,,,,,,,,,,,,,,,,xxxxxxxxxxxxxxxxxxxxxxxxGGGGGCGGGGGGCxxxxxxxxxxxxxxxxx
133262,Bank Nonperforming Loans to Total Gross Loans,213,Djibouti,,,,,,,,,,,,,,,,,,,,,,,,,,,,,,,,,,,,,,,,,,,,,,,,,,,,,,,,,,,,,,,,,,
133262,Bank Nonperforming Loans to Total Gross Loans,215,Dominica,,,,,,,,,,,,,,,,,,,,,,,,,,,,,,,,,,,,,,,,,,,,,,,,,,,,,,,,,,,,,,,,,,
133262,Bank Nonperforming Loans to Total Gross Loans,216,Dominican Republic,%,,,,,,,,,,,,,,,,,,,,,,,,2.6,2.6,4.9,8.7,7.3,5.9,4.5,4.0,3.7,4.3,3.1,2.9,3.5,2.6,2.5,,,,,,,,,,,,,,,,,,,,,,,,,,,xxxxxxxxxxxxxxxxxxxxxxxGGGGGGGGGGGGGCxxxxxxxxxxxxxxxxx
133262,Bank Nonperforming Loans to Total Gross Loans,230,Ecuador,%,,,,,,,,,,,,,,,,,,,,,,,,31.0,13.4,8.4,7.9,6.4,5.5,4.1,3.7,3.4,4.1,3.5,3.2,2.6,2.6,2.7,,,,,,,,,,,,,,,,,,,,,,,,,,,xxxxxxxxxxxxxxxxxxxxxxxGGGGGGGGGGGGCCxxxxxxxxxxxxxxxxx
133262,Bank Nonperforming Loans to Total Gross Loans,232,Egypt,%,,,,,,,,,,,,,,,,,,,,,,,,13.6,16.9,20.2,24.2,23.6,26.5,18.2,19.3,14.8,13.4,13.6,10.9,9.8,9.5,9.0,,,,,,,,,,,,,,,,,,,,,,,,,,,xxxxxxxxxxxxxxxxxxxxxxxGGGGGGGGGGGGGCxxxxxxxxxxxxxxxxx
133262,Bank Nonperforming Loans to Total Gross Loans,294,El Salvador,%,,,,,,,,,,,,,,,,,,,,,,,,,4.3,15.8,2.8,2.3,1.9,1.9,2.1,2.8,3.7,3.9,3.6,2.8,2.3,2.4,,,,,,,,,,,,,,,,,,,,,,,,,,,xxxxxxxxxxxxxxxxxxxxxxxxGGGGGGGGGGGGCxxxxxxxxxxxxxxxxx
133262,Bank Nonperforming Loans to Total Gross Loans,235,Equatorial Guinea,,,,,,,,,,,,,,,,,,,,,,,,,,,,,,,,,,,,,,,,,,,,,,,,,,,,,,,,,,,,,,,,,,
133262,Bank Nonperforming Loans to Total Gross Loans,231,Eritrea,,,,,,,,,,,,,,,,,,,,,,,,,,,,,,,,,,,,,,,,,,,,,,,,,,,,,,,,,,,,,,,,,,
133262,Bank Nonperforming Loans to Total Gross Loans,237,Estonia,%,,,,,,,,,,,,,,,,,,,,,,,,1.0,1.3,0.8,0.4,0.3,0.2,0.2,0.5,1.9,5.2,5.4,4.0,2.6,1.5,1.4,,,,,,,,,,,,,,,,,,,,,,,,,,,xxxxxxxxxxxxxxxxxxxxxxxGGGGGGGGGGGGGCxxxxxxxxxxxxxxxxx
133262,Bank Nonperforming Loans to Total Gross Loans,234,Ethiopia,,,,,,,,,,,,,,,,,,,,,,,,,,,,,,,,,,,,,,,,,,,,,,,,,,,,,,,,,,,,,,,,,,
133262,Bank Nonperforming Loans to Total Gross Loans,241,Fiji,,,,,,,,,,,,,,,,,,,,,,,,,,,,,,,,,,,,,,,,,,,,,,,,,,,,,,,,,,,,,,,,,,
133262,Bank Nonperforming Loans to Total Gross Loans,240,Finland,%,,,,,,,,,,,,,,,,,,,,,,,,0.6,0.6,0.5,0.5,0.4,0.3,0.2,0.3,0.4,0.6,0.6,0.5,0.5,0.5,0.5,,,,,,,,,,,,,,,,,,,,,,,,,,,xxxxxxxxxxxxxxxxxxxxxxxGGGGGGGGGGGGGCxxxxxxxxxxxxxxxxx
133262,Bank Nonperforming Loans to Total Gross Loans,243,France,%,,,,,,,,,,,,,,,,,,,,,,,,5.0,5.0,4.2,4.8,4.2,3.5,3.0,2.7,2.8,4.0,3.8,4.3,4.3,4.3,3.9,,,,,,,,,,,,,,,,,,,,,,,,,,,xxxxxxxxxxxxxxxxxxxxxxxGGGGGGGGGGGGCCxxxxxxxxxxxxxxxxx
133262,Bank Nonperforming Loans to Total Gross Loans,239,French Guiana,,,,,,,,,,,,,,,,,,,,,,,,,,,,,,,,,,,,,,,,,,,,,,,,,,,,,,,,,,,,,,,,,,
133262,Bank Nonperforming Loans to Total Gross Loans,242,French Polynesia,,,,,,,,,,,,,,,,,,,,,,,,,,,,,,,,,,,,,,,,,,,,,,,,,,,,,,,,,,,,,,,,,,
133262,Bank Nonperforming Loans to Total Gross Loans,252,Gabon,%,,,,,,,,,,,,,,,,,,,,,,,,6.6,8.6,11.4,13.9,16.0,14.1,10.7,7.6,8.5,7.2,9.9,7.8,8.7,8.5,8.5,,,,,,,,,,,,,,,,,,,,,,,,,,,xxxxxxxxxxxxxxxxxxxxxxxGGGGGGGGGGGGCCxxxxxxxxxxxxxxxxx
133262,Bank Nonperforming Loans to Total Gross Loans,299,Gambia,,,,,,,,,,,,,,,,,,,,,,,,,,,,,,,,,,,,,,,,,,,,,,,,,,,,,,,,,,,,,,,,,,
133262,Bank Nonperforming Loans to Total Gross Loans,248,Georgia,%,,,,,,,,,,,,,,,,,,,,,,,,,11.6,7.9,2.4,2.0,1.2,0.8,0.8,4.1,6.3,5.9,4.5,3.7,3.9,3.5,,,,,,,,,,,,,,,,,,,,,,,,,,,xxxxxxxxxxxxxxxxxxxxxxxxGGGGGGGGGGGGCxxxxxxxxxxxxxxxxx
133262,Bank Nonperforming Loans to Total Gross Loans,212,Germany,%,,,,,,,,,,,,,,,,,,,,,,,,4.7,4.6,5.0,5.2,4.9,4.0,3.4,2.6,2.9,3.3,3.2,3.0,2.9,3.2,3.1,,,,,,,,,,,,,,,,,,,,,,,,,,,xxxxxxxxxxxxxxxxxxxxxxxGGGGGGGGGGGGCCxxxxxxxxxxxxxxxxx
133262,Bank Nonperforming Loans to Total Gross Loans,249,Ghana,%,,,,,,,,,,,,,,,,,,,,,,,,11.9,19.6,22.7,18.3,16.2,13.0,7.8,6.4,7.7,16.2,17.6,14.1,13.2,12.0,12.2,,,,,,,,,,,,,,,,,,,,,,,,,,,xxxxxxxxxxxxxxxxxxxxxxxGGGGGGGGGGGGCCxxxxxxxxxxxxxxxxx
133262,Bank Nonperforming Loans to Total Gross Loans,250,Gibraltar,,,,,,,,,,,,,,,,,,,,,,,,,,,,,,,,,,,,,,,,,,,,,,,,,,,,,,,,,,,,,,,,,,
133262,Bank Nonperforming Loans to Total Gross Loans,254,Greece,%,,,,,,,,,,,,,,,,,,,,,,,,12.3,5.6,5.5,7.0,7.0,6.3,5.4,4.5,4.7,7.0,9.1,14.4,23.3,31.3,30.1,,,,,,,,,,,,,,,,,,,,,,,,,,,xxxxxxxxxxxxxxxxxxxxxxxGGGGGGGGGGGGGCxxxxxxxxxxxxxxxxx
133262,Bank Nonperforming Loans to Total Gross Loans,247,Grenada,,,,,,,,,,,,,,,,,,,,,,,,,,,,,,,,,,,,,,,,,,,,,,,,,,,,,,,,,,,,,,,,,,
133262,Bank Nonperforming Loans to Total Gross Loans,253,Guadeloupe,,,,,,,,,,,,,,,,,,,,,,,,,,,,,,,,,,,,,,,,,,,,,,,,,,,,,,,,,,,,,,,,,,
133262,Bank Nonperforming Loans to Total Gross Loans,251,Guam,,,,,,,,,,,,,,,,,,,,,,,,,,,,,,,,,,,,,,,,,,,,,,,,,,,,,,,,,,,,,,,,,,
133262,Bank Nonperforming Loans to Total Gross Loans,255,Guatemala,%,,,,,,,,,,,,,,,,,,,,,,,,,,7.9,6.5,5.8,4.9,5.4,2.1,2.2,2.7,2.1,1.6,1.3,1.2,1.6,,,,,,,,,,,,,,,,,,,,,,,,,,,xxxxxxxxxxxxxxxxxxxxxxxxxGGGGGGGGGGGCxxxxxxxxxxxxxxxxx
133262,Bank Nonperforming Loans to Total Gross Loans,256,Guinea,,,,,,,,,,,,,,,,,,,,,,,,,,,,,,,,,,,,,,,,,,,,,,,,,,,,,,,,,,,,,,,,,,
133262,Bank Nonperforming Loans to Total Gross Loans,357,Guinea-Bissau,,,,,,,,,,,,,,,,,,,,,,,,,,,,,,,,,,,,,,,,,,,,,,,,,,,,,,,,,,,,,,,,,,
133262,Bank Nonperforming Loans to Total Gross Loans,257,Guyana,,,,,,,,,,,,,,,,,,,,,,,,,,,,,,,,,,,,,,,,,,,,,,,,,,,,,,,,,,,,,,,,,,
133262,Bank Nonperforming Loans to Total Gross Loans,260,Haiti,,,,,,,,,,,,,,,,,,,,,,,,,,,,,,,,,,,,,,,,,,,,,,,,,,,,,,,,,,,,,,,,,,
133262,Bank Nonperforming Loans to Total Gross Loans,258,Honduras,%,,,,,,,,,,,,,,,,,,,,,,,,10.6,11.4,11.3,11.0,9.5,6.7,4.0,3.1,4.3,4.7,3.7,2.9,3.3,3.4,3.0,,,,,,,,,,,,,,,,,,,,,,,,,,,xxxxxxxxxxxxxxxxxxxxxxxGGGxxxxGGGGGGCxxxxxxxxxxxxxxxxx
133262,Bank Nonperforming Loans to Total Gross Loans,259,"Hong Kong, China",%,,,,,,,,,,,,,,,,,,,,,,,,7.3,6.5,5.0,3.9,2.3,1.4,1.1,0.8,1.2,1.6,0.8,0.7,0.6,0.5,0.5,,,,,,,,,,,,,,,,,,,,,,,,,,,xxxxxxxxxxxxxxxxxxxxxxxGGGGGGGGGGGGGCxxxxxxxxxxxxxxxxx
133262,Bank Nonperforming Loans to Total Gross Loans,261,Hungary,%,,,,,,,,,,,,,,,,,,,,,,,,3.0,2.7,2.9,2.6,3.1,2.8,2.6,2.3,3.0,6.7,9.8,13.4,15.8,17.6,16.6,,,,,,,,,,,,,,,,,,,,,,,,,,,xxxxxxxxxxxxxxxxxxxxxxxGGGGGGGGGGGGGCxxxxxxxxxxxxxxxxx
133262,Bank Nonperforming Loans to Total Gross Loans,262,Iceland,%,,,,,,,,,,,,,,,,,,,,,,,,1.5,2.0,2.6,2.1,0.9,1.1,0.8,1.4,1.8,14.1,18.3,11.6,6.4,5.1,5.9,,,,,,,,,,,,,,,,,,,,,,,,,,,xxxxxxxxxxxxxxxxxxxxxxxGGGGGGGCCGGGCCxxxxxxxxxxxxxxxxx
133262,Bank Nonperforming Loans to Total Gross Loans,265,India,%,,,,,,,,,,,,,,,,,,,,,,,,12.8,11.4,10.4,8.8,7.2,5.2,3.5,2.7,2.4,2.2,2.4,2.7,3.4,3.8,3.0,,,,,,,,,,,,,,,,,,,,,,,,,,,xxxxxxxxxxxxxxxxxxxxxxxGGGGGGGGGGGGGCxxxxxxxxxxxxxxxxx
133262,Bank Nonperforming Loans to Total Gross Loans,263,Indonesia,%,,,,,,,,,,,,,,,,,,,,,,,,34.4,31.9,24.0,6.8,4.5,7.3,5.9,4.0,3.2,3.3,2.5,2.1,1.8,1.7,1.6,,,,,,,,,,,,,,,,,,,,,,,,,,,xxxxxxxxxxxxxxxxxxxxxxxGGGGGGGGGGGGGCxxxxxxxxxxxxxxxxx
133262,Bank Nonperforming Loans to Total Gross Loans,271,Iran,,,,,,,,,,,,,,,,,,,,,,,,,,,,,,,,,,,,,,,,,,,,,,,,,,,,,,,,,,,,,,,,,,
133262,Bank Nonperforming Loans to Total Gross Loans,270,Iraq,,,,,,,,,,,,,,,,,,,,,,,,,,,,,,,,,,,,,,,,,,,,,,,,,,,,,,,,,,,,,,,,,,
133262,Bank Nonperforming Loans to Total Gross Loans,264,Ireland,%,,,,,,,,,,,,,,,,,,,,,,,,1.0,1.0,1.0,0.9,0.8,0.5,0.5,0.6,1.9,9.8,12.5,16.1,24.6,24.6,18.5,,,,,,,,,,,,,,,,,,,,,,,,,,,xxxxxxxxxxxxxxxxxxxxxxxGGGGGGGGGGGGGCxxxxxxxxxxxxxxxxx
133262,Bank Nonperforming Loans to Total Gross Loans,272,Israel,%,,,,,,,,,,,,,,,,,,,,,,,,6.9,8.2,2.4,2.6,2.5,2.3,2.0,1.5,1.5,1.4,3.1,2.5,2.8,2.4,2.1,,,,,,,,,,,,,,,,,,,,,,,,,,,xxxxxxxxxxxxxxxxxxxxxxxGGGGGGGGGGGGGCxxxxxxxxxxxxxxxxx
133262,Bank Nonperforming Loans to Total Gross Loans,273,Italy,%,,,,,,,,,,,,,,,,,,,,,,,,7.8,6.7,6.5,6.7,6.6,7.0,6.6,5.8,6.3,9.4,10.0,11.7,13.7,15.1,15.9,,,,,,,,,,,,,,,,,,,,,,,,,,,xxxxxxxxxxxxxxxxxxxxxxxGGGGGGGGGGGGCCxxxxxxxxxxxxxxxxx
133262,Bank Nonperforming Loans to Total Gross Loans,274,Jamaica,,,,,,,,,,,,,,,,,,,,,,,,,,,,,,,,,,,,,,,,,,,,,,,,,,,,,,,,,,,,,,,,,,
133262,Bank Nonperforming Loans to Total Gross Loans,276,Japan,%,,,,,,,,,,,,,,,,,,,,,,,,5.3,8.4,7.4,5.2,2.9,1.8,1.8,1.5,1.4,2.5,2.5,2.4,2.4,2.3,2.3,,,,,,,,,,,,,,,,,,,,,,,,,,,xxxxxxxxxxxxxxxxxxxxxxxGGGGGGGGGGGGCCxxxxxxxxxxxxxxxxx
133262,Bank Nonperforming Loans to Total Gross Loans,275,Jordan,%,,,,,,,,,,,,,,,,,,,,,,,,18.4,19.3,17.1,15.5,10.3,6.6,4.3,4.1,4.2,6.7,8.2,8.5,7.7,7.4,6.8,,,,,,,,,,,,,,,,,,,,,,,,,,,xxxxxxxxxxxxxxxxxxxxxxxGGGGGGGGGGGGCCxxxxxxxxxxxxxxxxx
133262,Bank Nonperforming Loans to Total Gross Loans,279,Kazakhstan,%,,,,,,,,,,,,,,,,,,,,,,,,,,,,,,,,7.1,18.9,20.9,20.7,19.4,19.5,18.5,,,,,,,,,,,,,,,,,,,,,,,,,,,xxxxxxxxxxxxxxxxxxxxxxxxxxxxxxxGGGGGCxxxxxxxxxxxxxxxxx
133262,Bank Nonperforming Loans to Total Gross Loans,283,Kenya,%,,,,,,,,,,,,,,,,,,,,,,,,33.3,13.1,18.1,34.9,29.3,25.6,20.8,10.2,8.8,8.1,6.8,4.7,4.4,4.9,4.7,,,,,,,,,,,,,,,,,,,,,,,,,,,xxxxxxxxxxxxxxxxxxxxxxxGGGGGGCGGGGGCCxxxxxxxxxxxxxxxxx
133262,Bank Nonperforming Loans to Total Gross Loans,278,Kiribati,,,,,,,,,,,,,,,,,,,,,,,,,,,,,,,,,,,,,,,,,,,,,,,,,,,,,,,,,,,,,,,,,,
133262,Bank Nonperforming Loans to Total Gross Loans,468,Kosovo,%,,,,,,,,,,,,,,,,,,,,,,,,,,,,,,,,,,5.8,5.7,7.4,8.5,7.1,,,,,,,,,,,,,,,,,,,,,,,,,,,xxxxxxxxxxxxxxxxxxxxxxxxxxxxxxxGGGGGCxxxxxxxxxxxxxxxxx
133262,Bank Nonperforming Loans to Total Gross Loans,282,Kuwait,%,,,,,,,,,,,,,,,,,,,,,,,,19.2,10.3,7.8,6.1,5.3,4.1,4.6,3.8,6.8,11.5,8.9,7.3,5.2,4.6,4.4,,,,,,,,,,,,,,,,,,,,,,,,,,,xxxxxxxxxxxxxxxxxxxxxxxGGGGGGGGGGGGCCxxxxxxxxxxxxxxxxx
133262,Bank Nonperforming Loans to Total Gross Loans,284,Kyrgyzstan,%,,,,,,,,,,,,,,,,,,,,,,,,,,,,,,,3.6,5.3,8.2,15.8,10.2,7.2,5.5,6.6,,,,,,,,,,,,,,,,,,,,,,,,,,,xxxxxxxxxxxxxxxxxxxxxxxxxxxxxxGGGGGCCxxxxxxxxxxxxxxxxx
133262,Bank Nonperforming Loans to Total Gross Loans,166,Laos,,,,,,,,,,,,,,,,,,,,,,,,,,,,,,,,,,,,,,,,,,,,,,,,,,,,,,,,,,,,,,,,,,
133262,Bank Nonperforming Loans to Total Gross Loans,285,Latvia,%,,,,,,,,,,,,,,,,,,,,,,,,4.6,2.8,2.0,1.4,1.1,0.7,0.5,0.8,2.1,14.3,15.9,14.1,8.7,6.4,7.2,,,,,,,,,,,,,,,,,,,,,,,,,,,xxxxxxxxxxxxxxxxxxxxxxxGGGGGGGGGGGGGCxxxxxxxxxxxxxxxxx
133262,Bank Nonperforming Loans to Total Gross Loans,286,Lebanon,%,,,,,,,,,,,,,,,,,,,,,,,,7.8,10.0,12.4,15.5,17.7,16.4,13.5,10.1,7.5,6.0,4.3,3.8,3.8,4.0,3.7,,,,,,,,,,,,,,,,,,,,,,,,,,,xxxxxxxxxxxxxxxxxxxxxxxGGGCGGGGGGGGGCxxxxxxxxxxxxxxxxx
133262,Bank Nonperforming Loans to Total Gross Loans,293,Lesotho,%,,,,,,,,,,,,,,,,,,,,,,,,,,,,,3.0,3.0,1.4,1.8,1.8,3.5,2.2,2.6,4.1,4.1,,,,,,,,,,,,,,,,,,,,,,,,,,,xxxxxxxxxxxxxxxxxxxxxxxxxxxGGGGGGGGGCxxxxxxxxxxxxxxxxx
133262,Bank Nonperforming Loans to Total Gross Loans,288,Liberia,,,,,,,,,,,,,,,,,,,,,,,,,,,,,,,,,,,,,,,,,,,,,,,,,,,,,,,,,,,,,,,,,,
133262,Bank Nonperforming Loans to Total Gross Loans,297,Libya,,,,,,,,,,,,,,,,,,,,,,,,,,,,,,,,,,,,,,,,,,,,,,,,,,,,,,,,,,,,,,,,,,
133262,Bank Nonperforming Loans to Total Gross Loans,289,Liechtenstein,,,,,,,,,,,,,,,,,,,,,,,,,,,,,,,,,,,,,,,,,,,,,,,,,,,,,,,,,,,,,,,,,,
133262,Bank Nonperforming Loans to Total Gross Loans,295,Lithuania,%,,,,,,,,,,,,,,,,,,,,,,,,11.3,6.7,5.3,2.4,2.2,0.6,1.0,1.0,6.1,24.0,23.3,18.8,14.8,12.5,12.3,,,,,,,,,,,,,,,,,,,,,,,,,,,xxxxxxxxxxxxxxxxxxxxxxxGGGGGGGGGGGGGCxxxxxxxxxxxxxxxxx
133262,Bank Nonperforming Loans to Total Gross Loans,296,Luxembourg,%,,,,,,,,,,,,,,,,,,,,,,,,0.5,0.4,0.4,0.5,0.3,0.2,0.1,0.4,0.6,0.7,0.2,0.4,0.1,0.2,0.3,,,,,,,,,,,,,,,,,,,,,,,,,,,xxxxxxxxxxxxxxxxxxxxxxxGGGGGGGGGGGGGCxxxxxxxxxxxxxxxxx
133262,Bank Nonperforming Loans to Total Gross Loans,310,Macau,,,,,,,,,,,,,,,,,,,,,,,,,,,,,,,,,,,,,,,,,,,,,,,,,,,,,,,,,,,,,,,,,,
133262,Bank Nonperforming Loans to Total Gross Loans,300,Macedonia,%,,,,,,,,,,,,,,,,,,,,,,,,,,23.1,22.4,17.0,15.0,11.2,7.5,6.7,8.9,9.0,9.5,10.1,10.9,10.3,,,,,,,,,,,,,,,,,,,,,,,,,,,xxxxxxxxxxxxxxxxxxxxxxxxxGGGGGGGGGGGCxxxxxxxxxxxxxxxxx
133262,Bank Nonperforming Loans to Total Gross Loans,246,Madagascar,,,,,,,,,,,,,,,,,,,,,,,,,,,,,,,,,,,,,,,,,,,,,,,,,,,,,,,,,,,,,,,,,,
133262,Bank Nonperforming Loans to Total Gross Loans,312,Malawi,,,,,,,,,,,,,,,,,,,,,,,,,,,,,,,,,,,,,,,,,,,,,,,,,,,,,,,,,,,,,,,,,,
133262,Bank Nonperforming Loans to Total Gross Loans,314,Malaysia,%,,,,,,,,,,,,,,,,,,,,,,,,15.4,17.8,15.9,13.9,11.7,9.4,8.5,6.5,4.8,3.6,3.4,2.7,2.0,1.8,1.7,,,,,,,,,,,,,,,,,,,,,,,,,,,xxxxxxxxxxxxxxxxxxxxxxxGGGGGGGGGGGGGCxxxxxxxxxxxxxxxxx
133262,Bank Nonperforming Loans to Total Gross Loans,298,Maldives,,,,,,,,,,,,,,,,,,,,,,,,,,,,,,,,,,,,,,,,,,,,,,,,,,,,,,,,,,,,,,,,,,
133262,Bank Nonperforming Loans to Total Gross Loans,301,Mali,,,,,,,,,,,,,,,,,,,,,,,,,,,,,,,,,,,,,,,,,,,,,,,,,,,,,,,,,,,,,,,,,,
133262,Bank Nonperforming Loans to Total Gross Loans,309,Malta,%,,,,,,,,,,,,,,,,,,,,,,,,,,,,,9.0,7.1,5.9,5.5,6.2,7.4,7.3,8.2,9.2,9.5,,,,,,,,,,,,,,,,,,,,,,,,,,,xxxxxxxxxxxxxxxxxxxxxxxxxxxGGGGGGGGGCxxxxxxxxxxxxxxxxx
133262,Bank Nonperforming Loans to Total Gross Loans,306,Martinique,,,,,,,,,,,,,,,,,,,,,,,,,,,,,,,,,,,,,,,,,,,,,,,,,,,,,,,,,,,,,,,,,,
133262,Bank Nonperforming Loans to Total Gross Loans,303,Mauritania,,,,,,,,,,,,,,,,,,,,,,,,,,,,,,,,,,,,,,,,,,,,,,,,,,,,,,,,,,,,,,,,,,
133262,Bank Nonperforming Loans to Total Gross Loans,369,Mauritius,%,,,,,,,,,,,,,,,,,,,,,,,,,,,,,,3.0,2.5,2.0,3.3,2.8,2.8,3.6,4.1,3.5,,,,,,,,,,,,,,,,,,,,,,,,,,,xxxxxxxxxxxxxxxxxxxxxxxxxxxxxGGGGGGCCxxxxxxxxxxxxxxxxx
133262,Bank Nonperforming Loans to Total Gross Loans,313,Mexico,%,,,,,,,,,,,,,,,,,,,,,,,,5.8,5.1,3.7,3.2,2.5,1.5,1.8,2.3,3.0,2.8,2.0,2.1,2.4,3.2,2.3,,,,,,,,,,,,,,,,,,,,,,,,,,,xxxxxxxxxxxxxxxxxxxxxxxGGGGGGGGGGGGGCxxxxxxxxxxxxxxxxx
133262,Bank Nonperforming Loans to Total Gross Loans,311,Moldova,%,,,,,,,,,,,,,,,,,,,,,,,,20.6,10.4,7.6,6.4,6.9,5.3,4.4,3.7,5.2,16.4,13.3,10.7,14.5,12.4,13.4,,,,,,,,,,,,,,,,,,,,,,,,,,,xxxxxxxxxxxxxxxxxxxxxxxGGGGGGGGGGGGGCxxxxxxxxxxxxxxxxx
133262,Bank Nonperforming Loans to Total Gross Loans,304,Monaco,,,,,,,,,,,,,,,,,,,,,,,,,,,,,,,,,,,,,,,,,,,,,,,,,,,,,,,,,,,,,,,,,,
133262,Bank Nonperforming Loans to Total Gross Loans,302,Mongolia,,,,,,,,,,,,,,,,,,,,,,,,,,,,,,,,,,,,,,,,,,,,,,,,,,,,,,,,,,,,,,,,,,
133262,Bank Nonperforming Loans to Total Gross Loans,469,Montenegro,%,,,,,,,,,,,,,,,,,,,,,,,,,,,,,18.5,16.3,30.0,7.2,13.5,21.0,15.5,17.6,17.4,17.2,,,,,,,,,,,,,,,,,,,,,,,,,,,xxxxxxxxxxxxxxxxxxxxxxxxxxxGGGGGGGGCCxxxxxxxxxxxxxxxxx
133262,Bank Nonperforming Loans to Total Gross Loans,305,Morocco,%,,,,,,,,,,,,,,,,,,,,,,,,17.5,16.8,17.2,18.7,19.4,15.7,10.9,7.9,6.0,5.5,4.8,4.8,5.0,5.4,5.7,,,,,,,,,,,,,,,,,,,,,,,,,,,xxxxxxxxxxxxxxxxxxxxxxxGGGGGGGGGGGGCCxxxxxxxxxxxxxxxxx
133262,Bank Nonperforming Loans to Total Gross Loans,396,Mozambique,%,,,,,,,,,,,,,,,,,,,,,,,,17.8,23.4,20.8,14.4,6.4,3.5,3.1,2.6,1.9,1.8,1.9,2.6,3.2,3.0,2.9,,,,,,,,,,,,,,,,,,,,,,,,,,,xxxxxxxxxxxxxxxxxxxxxxxGGGGGGGGGGGGCCxxxxxxxxxxxxxxxxx
133262,Bank Nonperforming Loans to Total Gross Loans,307,Myanmar,,,,,,,,,,,,,,,,,,,,,,,,,,,,,,,,,,,,,,,,,,,,,,,,,,,,,,,,,,,,,,,,,,
133262,Bank Nonperforming Loans to Total Gross Loans,316,Namibia,%,,,,,,,,,,,,,,,,,,,,,,,,,3.4,3.5,3.9,2.2,2.0,2.6,2.8,3.1,3.4,2.0,1.5,1.3,1.3,1.3,,,,,,,,,,,,,,,,,,,,,,,,,,,xxxxxxxxxxxxxxxxxxxxxxxxGGGGGGGGGGGGCxxxxxxxxxxxxxxxxx
133262,Bank Nonperforming Loans to Total Gross Loans,325,Nauru,,,,,,,,,,,,,,,,,,,,,,,,,,,,,,,,,,,,,,,,,,,,,,,,,,,,,,,,,,,,,,,,,,
133262,Bank Nonperforming Loans to Total Gross Loans,323,Nepal,,,,,,,,,,,,,,,,,,,,,,,,,,,,,,,,,,,,,,,,,,,,,,,,,,,,,,,,,,,,,,,,,,
133262,Bank Nonperforming Loans to Total Gross Loans,320,Netherlands,%,,,,,,,,,,,,,,,,,,,,,,,,1.8,2.3,2.4,2.0,1.5,1.2,1.4,1.6,1.7,3.2,2.8,2.7,3.1,3.2,2.8,,,,,,,,,,,,,,,,,,,,,,,,,,,xxxxxxxxxxxxxxxxxxxxxxxGGGGGGCCGGGGGCxxxxxxxxxxxxxxxxx
133262,Bank Nonperforming Loans to Total Gross Loans,326,New Caledonia,,,,,,,,,,,,,,,,,,,,,,,,,,,,,,,,,,,,,,,,,,,,,,,,,,,,,,,,,,,,,,,,,,
133262,Bank Nonperforming Loans to Total Gross Loans,327,New Zealand,%,,,,,,,,,,,,,,,,,,,,,,,,,,,,,,,0.3,0.9,1.7,2.1,1.7,1.4,1.2,1.2,,,,,,,,,,,,,,,,,,,,,,,,,,,xxxxxxxxxxxxxxxxxxxxxxxxxxxxxxGGGGGGCxxxxxxxxxxxxxxxxx
133262,Bank Nonperforming Loans to Total Gross Loans,317,Nicaragua,,,,,,,,,,,,,,,,,,,,,,,,,,,,,,,,,,,,,,,,,,,,,,,,,,,,,,,,,,,,,,,,,,
133262,Bank Nonperforming Loans to Total Gross Loans,321,Niger,,,,,,,,,,,,,,,,,,,,,,,,,,,,,,,,,,,,,,,,,,,,,,,,,,,,,,,,,,,,,,,,,,
133262,Bank Nonperforming Loans to Total Gross Loans,318,Nigeria,%,,,,,,,,,,,,,,,,,,,,,,,,22.6,19.7,21.4,20.5,21.6,18.1,9.3,8.4,6.3,27.6,15.7,5.3,3.5,3.2,4.5,,,,,,,,,,,,,,,,,,,,,,,,,,,xxxxxxxxxxxxxxxxxxxxxxxGGGGGGGGGGGGCCxxxxxxxxxxxxxxxxx
133262,Bank Nonperforming Loans to Total Gross Loans,319,North Korea,,,,,,,,,,,,,,,,,,,,,,,,,,,,,,,,,,,,,,,,,,,,,,,,,,,,,,,,,,,,,,,,,,
133262,Bank Nonperforming Loans to Total Gross Loans,322,Norway,%,,,,,,,,,,,,,,,,,,,,,,,,1.2,1.3,1.8,1.6,1.0,0.7,0.6,0.5,0.7,1.3,1.5,1.7,1.5,1.3,1.3,,,,,,,,,,,,,,,,,,,,,,,,,,,xxxxxxxxxxxxxxxxxxxxxxxGGGGGGGGGGGGCCxxxxxxxxxxxxxxxxx
133262,Bank Nonperforming Loans to Total Gross Loans,328,Oman,%,,,,,,,,,,,,,,,,,,,,,,,,,,11.3,12.5,9.9,7.0,4.9,3.2,2.0,2.7,2.7,2.2,2.1,2.0,3.1,,,,,,,,,,,,,,,,,,,,,,,,,,,xxxxxxxxxxxxxxxxxxxxxxxxxGGGGGGGGGGGCxxxxxxxxxxxxxxxxx
133262,Bank Nonperforming Loans to Total Gross Loans,332,Pakistan,%,,,,,,,,,,,,,,,,,,,,,,,,19.5,23.4,21.8,17.0,11.6,9.0,7.3,7.4,9.1,12.2,14.7,16.2,14.5,14.3,13.4,,,,,,,,,,,,,,,,,,,,,,,,,,,xxxxxxxxxxxxxxxxxxxxxxxGGGGGGGGGGGGCCxxxxxxxxxxxxxxxxx
133262,Bank Nonperforming Loans to Total Gross Loans,334,Panama,%,,,,,,,,,,,,,,,,,,,,,,,,1.4,2.8,3.5,2.5,1.9,2.9,2.7,2.8,3.0,3.3,2.6,2.1,2.0,1.8,2.1,,,,,,,,,,,,,,,,,,,,,,,,,,,xxxxxxxxxxxxxxxxxxxxxxxGGGGGGGGGGGGGCxxxxxxxxxxxxxxxxx
133262,Bank Nonperforming Loans to Total Gross Loans,335,Papua New Guinea,,,,,,,,,,,,,,,,,,,,,,,,,,,,,,,,,,,,,,,,,,,,,,,,,,,,,,,,,,,,,,,,,,
133262,Bank Nonperforming Loans to Total Gross Loans,330,Paraguay,%,,,,,,,,,,,,,,,,,,,,,,,,,12.3,19.7,20.6,10.8,6.5,3.3,1.3,1.1,1.6,1.3,1.7,2.1,2.0,2.3,,,,,,,,,,,,,,,,,,,,,,,,,,,xxxxxxxxxxxxxxxxxxxxxxxxGGGGGGGGGGGGCxxxxxxxxxxxxxxxxx
133262,Bank Nonperforming Loans to Total Gross Loans,338,Peru,%,,,,,,,,,,,,,,,,,,,,,,,,,9.0,7.6,14.8,9.5,6.3,4.1,2.7,2.2,2.7,3.0,2.9,3.2,3.5,3.4,,,,,,,,,,,,,,,,,,,,,,,,,,,xxxxxxxxxxxxxxxxxxxxxxxxGGGGGGGGGGGGCxxxxxxxxxxxxxxxxx
133262,Bank Nonperforming Loans to Total Gross Loans,331,Philippines,%,,,,,,,,,,,,,,,,,,,,,,,,24.0,27.7,26.5,16.1,14.4,10.0,7.5,5.8,4.6,3.5,3.4,2.6,2.2,3.0,3.6,,,,,,,,,,,,,,,,,,,,,,,,,,,xxxxxxxxxxxxxxxxxxxxxxxGGGGGGGGGGGGGCxxxxxxxxxxxxxxxxx
133262,Bank Nonperforming Loans to Total Gross Loans,333,Poland,%,,,,,,,,,,,,,,,,,,,,,,,,,,21.1,21.2,14.9,11.0,7.4,5.2,2.8,4.3,4.9,4.7,5.2,5.2,4.8,,,,,,,,,,,,,,,,,,,,,,,,,,,xxxxxxxxxxxxxxxxxxxxxxxGxGGGGGGGGGGGCxxxxxxxxxxxxxxxxx
133262,Bank Nonperforming Loans to Total Gross Loans,337,Portugal,%,,,,,,,,,,,,,,,,,,,,,,,,2.2,2.1,2.3,2.4,2.0,1.5,1.3,2.8,3.6,4.8,5.2,7.5,9.8,11.0,9.4,,,,,,,,,,,,,,,,,,,,,,,,,,,xxxxxxxxxxxxxxxxxxxxxxxGGGGGGGGGGGGGCxxxxxxxxxxxxxxxxx
133262,Bank Nonperforming Loans to Total Gross Loans,336,Puerto Rico,,,,,,,,,,,,,,,,,,,,,,,,,,,,,,,,,,,,,,,,,,,,,,,,,,,,,,,,,,,,,,,,,,
133262,Bank Nonperforming Loans to Total Gross Loans,339,Qatar,,,,,,,,,,,,,,,,,,,,,,,,,,,,,,,,,,,,,,,,,,,,,,,,,,,,,,,,,,,,,,,,,,
133262,Bank Nonperforming Loans to Total Gross Loans,378,Réunion,,,,,,,,,,,,,,,,,,,,,,,,,,,,,,,,,,,,,,,,,,,,,,,,,,,,,,,,,,,,,,,,,,
133262,Bank Nonperforming Loans to Total Gross Loans,341,Romania,%,,,,,,,,,,,,,,,,,,,,,,,,,,,8.3,8.1,2.6,1.8,2.6,2.7,7.9,11.9,14.3,18.2,21.6,20.3,,,,,,,,,,,,,,,,,,,,,,,,,,,xxxxxxxxxxxxxxxxxxxxxxxxGxGGGGGGGGGGCxxxxxxxxxxxxxxxxx
133262,Bank Nonperforming Loans to Total Gross Loans,344,Russia,%,,,,,,,,,,,,,,,,,,,,,,,,7.7,6.2,5.6,5.0,3.8,2.6,2.4,2.5,3.8,9.5,8.2,6.6,6.0,6.0,6.7,,,,,,,,,,,,,,,,,,,,,,,,,,,xxxxxxxxxxxxxxxxxxxxxxxGGGGGGGGGGGGGCxxxxxxxxxxxxxxxxx
133262,Bank Nonperforming Loans to Total Gross Loans,347,Rwanda,%,,,,,,,,,,,,,,,,,,,,,,,,,,57.0,33.0,31.0,29.0,25.0,16.9,12.6,13.1,11.3,8.2,6.0,7.0,6.4,,,,,,,,,,,,,,,,,,,,,,,,,,,xxxxxxxxxxxxxxxxxxxxxxxxxGGGGGGGGGGCCxxxxxxxxxxxxxxxxx
133262,Bank Nonperforming Loans to Total Gross Loans,390,Samoa,,,,,,,,,,,,,,,,,,,,,,,,,,,,,,,,,,,,,,,,,,,,,,,,,,,,,,,,,,,,,,,,,,
133262,Bank Nonperforming Loans to Total Gross Loans,203,Sao Tomé e Pr?ncipe,,,,,,,,,,,,,,,,,,,,,,,,,,,,,,,,,,,,,,,,,,,,,,,,,,,,,,,,,,,,,,,,,,
133262,Bank Nonperforming Loans to Total Gross Loans,348,Saudi Arabia,%,,,,,,,,,,,,,,,,,,,,,,,,10.4,9.1,8.8,5.4,2.8,1.9,2.0,2.1,1.4,3.3,3.0,2.2,1.9,1.3,1.2,,,,,,,,,,,,,,,,,,,,,,,,,,,xxxxxxxxxxxxxxxxxxxxxxxGGGGGGGGGGGGCCxxxxxxxxxxxxxxxxx
133262,Bank Nonperforming Loans to Total Gross Loans,355,Senegal,%,,,,,,,,,,,,,,,,,,,,,,,,18.1,17.8,18.5,13.3,12.6,11.9,16.8,18.6,17.4,18.7,20.2,16.2,18.4,20.6,18.9,,,,,,,,,,,,,,,,,,,,,,,,,,,xxxxxxxxxxxxxxxxxxxxxxxGGGGGGGGGGGGCCxxxxxxxxxxxxxxxxx
133262,Bank Nonperforming Loans to Total Gross Loans,408,Serbia,%,,,,,,,,,,,,,,,,,,,,,,,,,,21.6,24.1,22.2,19.0,15.8,8.6,11.3,15.7,16.9,20.0,18.6,20.6,20.5,,,,,,,,,,,,,,,,,,,,,,,,,,,xxxxxxxxxxxxxxxxxxxxxxxxxGGGCCGGGGGCCxxxxxxxxxxxxxxxxx
133262,Bank Nonperforming Loans to Total Gross Loans,391,Seychelles,%,,,,,,,,,,,,,,,,,,,,,,,,,,,,,,4.4,2.3,2.0,3.8,5.5,8.1,9.0,9.2,8.8,,,,,,,,,,,,,,,,,,,,,,,,,,,xxxxxxxxxxxxxxxxxxxxxxxxxxxxxGGGGGGCCxxxxxxxxxxxxxxxxx
133262,Bank Nonperforming Loans to Total Gross Loans,292,Sierra Leone,%,,,,,,,,,,,,,,,,,,,,,,,,37.9,29.1,11.0,7.4,16.5,26.8,26.8,25.6,17.9,10.6,15.6,15.1,14.7,22.4,23.5,,,,,,,,,,,,,,,,,,,,,,,,,,,xxxxxxxxxxxxxxxxxxxxxxxGGGGGGGGGGGGCCxxxxxxxxxxxxxxxxx
133262,Bank Nonperforming Loans to Total Gross Loans,352,Singapore,%,,,,,,,,,,,,,,,,,,,,,,,,3.4,8.0,7.7,6.7,5.0,3.8,2.8,1.5,1.4,2.0,1.4,1.1,1.0,0.9,0.9,,,,,,,,,,,,,,,,,,,,,,,,,,,xxxxxxxxxxxxxxxxxxxxxxxGGGGGGGGGGGGGCxxxxxxxxxxxxxxxxx
133262,Bank Nonperforming Loans to Total Gross Loans,495,Sint Maarten,,,,,,,,,,,,,,,,,,,,,,,,,,,,,,,,,,,,,,,,,,,,,,,,,,,,,,,,,,,,,,,,,,
133262,Bank Nonperforming Loans to Total Gross Loans,354,Slovakia,%,,,,,,,,,,,,,,,,,,,,,,,,13.7,11.1,7.9,3.7,2.6,5.0,3.2,2.5,2.5,5.3,5.8,5.6,5.2,5.1,4.5,,,,,,,,,,,,,,,,,,,,,,,,,,,xxxxxxxxxxxxxxxxxxxxxxxGGGGGGGGGGGGGCxxxxxxxxxxxxxxxxx
133262,Bank Nonperforming Loans to Total Gross Loans,359,Slovenia,%,,,,,,,,,,,,,,,,,,,,,,,,6.5,7.0,7.0,3.7,3.0,2.5,2.5,1.8,4.2,5.8,8.2,11.8,15.2,18.0,16.7,,,,,,,,,,,,,,,,,,,,,,,,,,,xxxxxxxxxxxxxxxxxxxxxxxGGGGGGGGGGGGGCxxxxxxxxxxxxxxxxx
133262,Bank Nonperforming Loans to Total Gross Loans,353,Solomon Islands,,,,,,,,,,,,,,,,,,,,,,,,,,,,,,,,,,,,,,,,,,,,,,,,,,,,,,,,,,,,,,,,,,
133262,Bank Nonperforming Loans to Total Gross Loans,356,Somalia,,,,,,,,,,,,,,,,,,,,,,,,,,,,,,,,,,,,,,,,,,,,,,,,,,,,,,,,,,,,,,,,,,
133262,Bank Nonperforming Loans to Total Gross Loans,393,South Africa,%,,,,,,,,,,,,,,,,,,,,,,,,,3.1,2.8,2.4,1.8,1.5,1.1,1.4,3.9,5.9,5.8,4.7,4.0,3.6,3.3,,,,,,,,,,,,,,,,,,,,,,,,,,,xxxxxxxxxxxxxxxxxxxxxxxxGGGGGGGGGGGGCxxxxxxxxxxxxxxxxx
133262,Bank Nonperforming Loans to Total Gross Loans,280,South Korea,%,,,,,,,,,,,,,,,,,,,,,,,,8.9,3.4,2.4,2.6,1.9,1.2,0.8,0.7,0.6,0.6,0.6,0.5,0.6,0.7,0.6,,,,,,,,,,,,,,,,,,,,,,,,,,,xxxxxxxxxxxxxxxxxxxxxxxGGGGGGGGGGGGGCxxxxxxxxxxxxxxxxx
133262,Bank Nonperforming Loans to Total Gross Loans,525,South Sudan,,,,,,,,,,,,,,,,,,,,,,,,,,,,,,,,,,,,,,,,,,,,,,,,,,,,,,,,,,,,,,,,,,
133262,Bank Nonperforming Loans to Total Gross Loans,236,Spain,%,,,,,,,,,,,,,,,,,,,,,,,,1.2,0.9,1.1,1.0,0.8,0.8,0.7,0.9,2.8,4.1,4.7,6.0,7.5,8.2,7.5,,,,,,,,,,,,,,,,,,,,,,,,,,,xxxxxxxxxxxxxxxxxxxxxxxGGGGGGGGGGGGCCxxxxxxxxxxxxxxxxx
133262,Bank Nonperforming Loans to Total Gross Loans,277,Sri Lanka,%,,,,,,,,,,,,,,,,,,,,,,,,,,,,,,,,,,,3.8,3.6,5.2,5.4,,,,,,,,,,,,,,,,,,,,,,,,,,,
133262,Bank Nonperforming Loans to Total Gross Loans,281,St Kitts,,,,,,,,,,,,,,,,,,,,,,,,,,,,,,,,,,,,,,,,,,,,,,,,,,,,,,,,,,,,,,,,,,
133262,Bank Nonperforming Loans to Total Gross Loans,287,St Lucia,,,,,,,,,,,,,,,,,,,,,,,,,,,,,,,,,,,,,,,,,,,,,,,,,,,,,,,,,,,,,,,,,,
133262,Bank Nonperforming Loans to Total Gross Loans,385,St Vincent and the Grenadines,,,,,,,,,,,,,,,,,,,,,,,,,,,,,,,,,,,,,,,,,,,,,,,,,,,,,,,,,,,,,,,,,,
133262,Bank Nonperforming Loans to Total Gross Loans,350,Sudan,,,,,,,,,,,,,,,,,,,,,,,,,,,,,,,,,,,,,,,,,,,,,,,,,,,,,,,,,,,,,,,,,,
133262,Bank Nonperforming Loans to Total Gross Loans,358,Suriname,,,,,,,,,,,,,,,,,,,,,,,,,,,,,,,,,,,,,,,,,,,,,,,,,,,,,,,,,,,,,,,,,,
133262,Bank Nonperforming Loans to Total Gross Loans,362,Swaziland,%,,,,,,,,,,,,,,,,,,,,,,,,,,,2.0,3.0,7.0,7.7,7.5,7.6,8.6,7.8,7.5,9.7,8.2,8.5,,,,,,,,,,,,,,,,,,,,,,,,,,,xxxxxxxxxxxxxxxxxxxxxxxxxxGGGGGGGGGCCxxxxxxxxxxxxxxxxx
133262,Bank Nonperforming Loans to Total Gross Loans,351,Sweden,%,,,,,,,,,,,,,,,,,,,,,,,,1.6,1.5,1.2,1.9,1.1,0.8,0.1,0.1,0.5,0.8,0.8,0.7,0.7,0.6,0.6,,,,,,,,,,,,,,,,,,,,,,,,,,,xxxxxxxxxxxxxxxxxxxxxxxGGGGGGGGGGGGGCxxxxxxxxxxxxxxxxx
133262,Bank Nonperforming Loans to Total Gross Loans,191,Switzerland,%,,,,,,,,,,,,,,,,,,,,,,,,4.1,2.3,1.8,1.3,0.9,0.5,0.3,0.3,0.9,1.0,0.9,0.8,0.8,0.8,0.8,,,,,,,,,,,,,,,,,,,,,,,,,,,xxxxxxxxxxxxxxxxxxxxxxxGGGGGGGGGGGGCCxxxxxxxxxxxxxxxxx
133262,Bank Nonperforming Loans to Total Gross Loans,361,Syria,,,,,,,,,,,,,,,,,,,,,,,,,,,,,,,,,,,,,,,,,,,,,,,,,,,,,,,,,,,,,,,,,,
133262,Bank Nonperforming Loans to Total Gross Loans,373,Taiwan,,,,,,,,,,,,,,,,,,,,,,,,,,,,,,,,,,,,,,,,,,,,,,,,,,,,,,,,,,,,,,,,,,
133262,Bank Nonperforming Loans to Total Gross Loans,365,Tajikistan,%,,,,,,,,,,,,,,,,,,,,,,,,,,,,,,,,5.4,9.6,7.5,7.2,9.5,11.7,12.1,,,,,,,,,,,,,,,,,,,,,,,,,,,xxxxxxxxxxxxxxxxxxxxxxxxxxxxxxGGGGGCCxxxxxxxxxxxxxxxxx
133262,Bank Nonperforming Loans to Total Gross Loans,374,Tanzania,,,,,,,,,,,,,,,,,,,,,,,,,,,,,,,,,,,,,,,,,,,,,,,,,,,,,,,,,,,,,,,,,,
133262,Bank Nonperforming Loans to Total Gross Loans,364,Thailand,%,,,,,,,,,,,,,,,,,,,,,,,,17.7,11.5,15.7,13.5,11.9,9.1,8.1,7.9,5.7,5.3,3.9,2.9,2.4,2.3,2.4,,,,,,,,,,,,,,,,,,,,,,,,,,,xxxxxxxxxxxxxxxxxxxxxxxGGGGGGGGGGGGGCxxxxxxxxxxxxxxxxx
133262,Bank Nonperforming Loans to Total Gross Loans,367,Togo,,,,,,,,,,,,,,,,,,,,,,,,,,,,,,,,,,,,,,,,,,,,,,,,,,,,,,,,,,,,,,,,,,
133262,Bank Nonperforming Loans to Total Gross Loans,363,Tonga,,,,,,,,,,,,,,,,,,,,,,,,,,,,,,,,,,,,,,,,,,,,,,,,,,,,,,,,,,,,,,,,,,
133262,Bank Nonperforming Loans to Total Gross Loans,370,Trinidad and Tobago,,,,,,,,,,,,,,,,,,,,,,,,,,,,,,,,,,,,,,,,,,,,,,,,,,,,,,,,,,,,,,,,,,
133262,Bank Nonperforming Loans to Total Gross Loans,371,Tunisia,%,,,,,,,,,,,,,,,,,,,,,,,,21.6,19.2,21.4,24.2,23.6,20.9,19.3,17.6,15.5,13.2,12.1,17.4,15.9,15.3,14.9,,,,,,,,,,,,,,,,,,,,,,,,,,,xxxxxxxxxxxxxxxxxxxxxxxGGGGGGGGGGGCCCxxxxxxxxxxxxxxxxx
133262,Bank Nonperforming Loans to Total Gross Loans,368,Turkey,%,,,,,,,,,,,,,,,,,,,,,,,,9.2,29.3,12.7,11.5,6.0,4.3,3.6,3.3,3.4,5.0,3.5,2.6,2.7,2.6,2.8,,,,,,,,,,,,,,,,,,,,,,,,,,,xxxxxxxxxxxxxxxxxxxxxxxGGGGGGGGGGGGGCxxxxxxxxxxxxxxxxx
133262,Bank Nonperforming Loans to Total Gross Loans,366,Turkmenistan,,,,,,,,,,,,,,,,,,,,,,,,,,,,,,,,,,,,,,,,,,,,,,,,,,,,,,,,,,,,,,,,,,
133262,Bank Nonperforming Loans to Total Gross Loans,372,Tuvalu,,,,,,,,,,,,,,,,,,,,,,,,,,,,,,,,,,,,,,,,,,,,,,,,,,,,,,,,,,,,,,,,,,
133262,Bank Nonperforming Loans to Total Gross Loans,376,Uganda,%,,,,,,,,,,,,,,,,,,,,,,,,9.8,6.5,3.0,7.2,2.2,2.3,2.9,4.1,2.2,4.2,2.1,2.2,4.2,6.0,5.2,,,,,,,,,,,,,,,,,,,,,,,,,,,xxxxxxxxxxxxxxxxxxxxxxxGGGGGGGGGGGGCCxxxxxxxxxxxxxxxxx
133262,Bank Nonperforming Loans to Total Gross Loans,377,Ukraine,%,,,,,,,,,,,,,,,,,,,,,,,,29.6,25.1,21.9,28.3,30.0,19.6,4.0,3.0,3.9,13.7,15.3,14.7,16.5,12.9,12.9,,,,,,,,,,,,,,,,,,,,,,,,,,,xxxxxxxxxxxxxxxxxxxxxxxGGGGGGGGGGGGGCxxxxxxxxxxxxxxxxx
133262,Bank Nonperforming Loans to Total Gross Loans,375,United Arab Emirates,%,,,,,,,,,,,,,,,,,,,,,,,,12.7,15.7,15.3,14.3,12.5,8.3,6.3,2.9,2.3,4.3,5.6,7.2,8.4,8.4,8.1,,,,,,,,,,,,,,,,,,,,,,,,,,,xxxxxxxxxxxxxxxxxxxxxxxGGGGGGGGGGGGGCxxxxxxxxxxxxxxxxx
133262,Bank Nonperforming Loans to Total Gross Loans,245,United Kingdom,%,,,,,,,,,,,,,,,,,,,,,,,,2.5,2.6,2.6,2.5,1.9,1.0,0.9,0.9,1.6,3.5,4.0,4.0,3.7,3.5,3.1,,,,,,,,,,,,,,,,,,,,,,,,,,,xxxxxxxxxxxxxxxxxxxxxxxGGGGGGGGGGGGCCxxxxxxxxxxxxxxxxx
133262,Bank Nonperforming Loans to Total Gross Loans,382,Uruguay,%,,,,,,,,,,,,,,,,,,,,,,,,,12.4,33.9,14.3,4.7,3.6,3.7,1.1,0.5,3.8,2.4,1.5,1.3,1.7,1.0,,,,,,,,,,,,,,,,,,,,,,,,,,,xxxxxxxxxxxxxxxxxxxxxxxxGGGGGGGGGGGGCxxxxxxxxxxxxxxxxx
133262,Bank Nonperforming Loans to Total Gross Loans,526,US Virgin Islands,,,,,,,,,,,,,,,,,,,,,,,,,,,,,,,,,,,,,,,,,,,,,,,,,,,,,,,,,,,,,,,,,,
133262,Bank Nonperforming Loans to Total Gross Loans,380,USA,%,,,,,,,,,,,,,,,,,,,,,,,,1.1,1.3,1.4,1.1,0.8,0.7,0.8,1.4,3.0,5.0,4.4,3.8,3.3,3.2,2.8,,,,,,,,,,,,,,,,,,,,,,,,,,,xxxxxxxxxxxxxxxxxxxxxxxGGGGGGGGGGGGGCxxxxxxxxxxxxxxxxx
133262,Bank Nonperforming Loans to Total Gross Loans,383,Uzbekistan,%,,,,,,,,,,,,,,,,,,,,,,,,,,,,,,3.0,2.8,3.0,1.2,1.0,0.7,0.5,0.4,0.5,,,,,,,,,,,,,,,,,,,,,,,,,,,xxxxxxxxxxxxxxxxxxxxxxxxxxxxxxGGGGGGCxxxxxxxxxxxxxxxxx
133262,Bank Nonperforming Loans to Total Gross Loans,388,Vanuatu,,,,,,,,,,,,,,,,,,,,,,,,,,,,,,,,,,,,,,,,,,,,,,,,,,,,,,,,,,,,,,,,,,
133262,Bank Nonperforming Loans to Total Gross Loans,384,Venezuela,%,,,,,,,,,,,,,,,,,,,,,,,,6.6,7.0,9.2,7.7,2.8,1.2,1.1,1.2,1.9,3.0,3.4,1.4,0.9,0.7,0.7,,,,,,,,,,,,,,,,,,,,,,,,,,,xxxxxxxxxxxxxxxxxxxxxxxGGGGGGGGGGGGGCxxxxxxxxxxxxxxxxx
133262,Bank Nonperforming Loans to Total Gross Loans,387,Vietnam,,,,,,,,,,,,,,,,,,,,,,,,,,,,,,,,,,,,,,,,,,,,,,,,,,,,,,,,,,,,,,,,,,
133262,Bank Nonperforming Loans to Total Gross Loans,392,Yemen,,,,,,,,,,,,,,,,,,,,,,,,,,,,,,,,,,,,,,,,,,,,,,,,,,,,,,,,,,,,,,,,,,
133262,Bank Nonperforming Loans to Total Gross Loans,394,Zambia,,,,,,,,,,,,,,,,,,,,,,,,,,,,,,,,,,,,,,,,,,,,,,,,,,,,,,,,,,,,,,,,,,
133262,Bank Nonperforming Loans to Total Gross Loans,397,Zimbabwe,,,,,,,,,,,,,,,,,,,,,,,,,,,,,,,,,,,,,,,,,,,,,,,,,,,,,,,,,,,,,,,,,,
